Tell Your World,26,1147,4
ネクストネスト,29,1131,4
メルト,28,1586,4
初音ミクの消失,35,1666,4
Blessing,27,986,4
alive,26,1016,4
ロキ,28,975,4
テオ,32,1221,4
ヒバナ -Reloaded-,32,1060,4
ハッピーシンセサイザ,28,1136,4
Nostalogic,28,985,4
ツギハギスタッカート,27,861,4
劣等上等,30,952,4
ドクター=ファンクビート,32,1198,4
フラジール,27,1040,4
ブリキノダンス,29,967,4
スイートマジック,27,1224,4
ぼうけんのしょがきえました！,31,1092,4
シャルル,27,824,4
ハロ／ハワユ,26,851,4
自傷無色,26,829,4
needLe,29,1029,4
アイドル新鋭隊,28,940,4
Ready Steady,29,667,4
セカイはまだ始まってすらいない,29,1027,4
悔やむと書いてミライ,30,973,4
セカイ,27,858,4
ワーワーワールド,28,960,4
アスノヨゾラ哨戒班,28,1208,4
ニア,27,841,4
Just Be Friends,28,989,4
脱法ロック,31,1145,4
命に嫌われている,29,979,4
ワールドイズマイン,28,1417,4
ダンスロボットダンス,29,1057,4
Hand in Hand,27,1072,4
夜咄ディセイブ,30,1311,4
Gimme×Gimme,29,907,4
ビバハピ,28,722,4
ジャンキーナイトタウンオーケストラ,31,1374,4
ミラクルペイント,29,1437,4
on the rocks,27,1004,4
携帯恋話,29,1131,4
39みゅーじっく！,28,1039,4
青く駆けろ！,27,1048,4
ステラ,30,1190,4
Leia - Remind,28,1155,4
ジャックポットサッドガール,29,767,4
メルティランドナイトメア,26,959,4
乙女解剖,27,1002,4
potatoになっていく,28,863,4
ローリンガール,31,1396,4
モア！ジャンプ！モア！,31,1257,4
裏表ラバーズ,30,1151,4
アンノウン・マザーグース,29,1292,4
愛されなくても君がいる,27,1075,4
ウミユリ海底譚,27,833,4
Forward,28,895,4
独りんぼエンヴィー,26,589,4
ニジイロストーリーズ,29,1054,4
ODDS&ENDS,29,921,4
ドラマツルギー,28,862,4
グリーンライツ・セレナーデ,31,1174,4
恋愛裁判,27,1149,4
＊ハロー、プラネット。,28,1076,4
千本桜,32,1257,4
ECHO,26,805,4
チュルリラ・チュルリラ・ダッダッダ！,31,1401,4
ブレス・ユア・ブレス,28,873,4
とても痛い痛がりたい,28,915,4
霽れを待つ,30,1106,4
ワールズエンド・ダンスホール,30,1044,4
ヒビカセ,28,1019,4
Color of Drops,27,918,4
RAD DOGS,30,1197,4
ミルククラウン・オン・ソーネチカ,30,1226,4
タイムマシン,26,903,4
drop pop candy,28,902,4
ポジティブ☆ダンスタイム,31,1154,4
Brand New Day,32,1316,4
限りなく灰色へ,30,849,4
ワンスアポンアドリーム,27,871,4
ボッカデラベリタ,28,1119,4
みくみくにしてあげる♪【してやんよ】,28,939,4
威風堂々,28,1166,4
from Y to Y,26,982,4
初音ミクの激唱,33,1742,4
天使のクローバー,31,1235,4
お気に召すまま,28,988,4
どりーみんチュチュ,27,1074,4
アイディスマイル,28,1247,4
「1」,26,814,4
花を唄う,30,878,4
夜に駆ける,29,1140,4
幽霊東京,27,1053,4
シネマ,29,800,4
KING,29,1251,4
アイノマテリアル,26,814,4
いかないで,29,1173,4
ロミオとシンデレラ,27,1035,4
泡沫未来,29,903,4
トンデモワンダーズ,32,1224,4
カナデトモスソラ,26,703,4
トラフィック・ジャム,28,1089,4
フロムトーキョー,28,814,4
Beat Eater,28,798,4
六兆年と一夜物語,34,1288,4
地球最後の告白を,31,1164,4
ビターチョコデコレーション,31,1377,4
そうだった！！,31,1297,4
カゲロウデイズ,31,1404,4
アイスドロップ,27,802,4
Glory Steady Go!,30,875,4
チルドレンレコード,32,1502,4
magic number,29,988,4
流星のパルス,30,1123,4
カトラリー,28,806,4
再生,26,547,4
群青讃歌,27,833,4
炉心融解,27,1167,4
ロストワンの号哭,32,1157,4
マシンガンポエムドール,34,1819,4
ベノム,29,1138,4
拝啓ドッペルゲンガー,32,1654,4
テレキャスタービーボーイ,29,898,4
トキヲ・ファンカ,28,859,4
悪魔の踊り方,30,938,4
だれかの心臓になれたなら,29,1044,4
マシュマリー,29,1303,4
右肩の蝶,31,1315,4
ray,26,1092,4
"Hello,world!",29,949,4
しっくおぶはうす！,30,1313,4
ショウタイム・ルーラー,31,1063,4
Happy Halloween,29,987,4
ロウワー,31,850,4
初音天地開闢神話,32,2021,4
オルターエゴ,31,1557,4
STAGE OF SEKAI,30,1156,4
からくりピエロ,27,1005,4
ワールドワイドワンダー,28,785,4
悪ノ娘,27,784,4
悪ノ召使,27,784,4
去り人達のワルツ,28,798,4
ラストスコア,30,1190,4
フィクサー,31,1118,4
ミライ,28,1281,4
ゴーストルール,32,1473,4
ヴィラン,29,1154,4
サンドリヨン 10th Anniversary,28,913,4
少女レイ,27,1400,4
ガランド,28,943,4
エンドマークに希望と涙を添えて,35,1948,4
the EmpErroR,36,1593,4
Don't Fight The Music,36,1888,4
にっこり^^調査隊のテーマ,31,1195,4
トリコロージュ,28,999,4
心拍数♯0822,26,843,4
うっせぇわ,28,1302,4
踊,29,1083,4
君色マリンスノウ,31,1415,4
愛して愛して愛して,28,1173,4
Flyer!,29,1083,4
Peaky Peaky,28,855,4
ジウダス,28,898,4
ナンセンス文学,29,1180,4
心予報,28,1060,4
僕らまだアンダーグラウンド,28,1035,4
Miku,28,1106,4
メタモリボン,26,685,4
いーあるふぁんくらぶ,28,1002,4
雨とペトラ,29,1206,4
ノマド,26,592,4
マトリョシカ,30,1104,4
ドーナツホール,29,1328,4
砂の惑星,27,1062,4
ルカルカ★ナイトフィーバー,29,1311,4
ピアノ×フォルテ×スキャンダル,30,1142,4
千年の独奏歌,27,906,4
88☆彡,29,1188,4
ONESELF,30,1163,4
PaⅢ.SENSATION,29,1244,4
ダーリンダンス,30,912,4
オーダーメイド,26,601,4
アイデンティティ,31,1489,4
青色絵具,27,1058,4
コスモスパイス,30,1092,4
徳川カップヌードル禁止令,31,1241,4
サラマンダー,30,1454,4
イフ,27,1062,4
ブラック★ロックシューター,27,930,4
妄想感傷代償連盟,27,966,4
リモコン,29,1206,4
月光,29,1159,4
アサガオの散る頃に,26,832,4
神のまにまに,29,1111,4
Awake Now,30,884,4
阿吽のビーツ,28,918,4
バグ,32,1343,4
グッバイ宣言,30,1259,4
ヴァンパイア,29,1299,4
未完成讃歌,31,1585,4
星空のメロディー,27,821,4
脳漿炸裂ガール,32,1500,4
ぼくらの16bit戦争,33,1521,4
メリュー,26,983,4
エイリアンエイリアン,29,1361,4
街,27,769,4
てらてら,30,1262,4
フロイライン=ビブリョチカ,31,1456,4
踊れオーケストラ,28,1068,4
パラソルサイダー,30,880,4
ロストエンファウンド,29,1271,4
YY,29,1175,4
それでもいいんだよ,29,1009,4
君の夜をくれ,26,662,4
フューチャー・イヴ,32,1628,4
Voices,30,1237,4
ジェヘナ,30,1253,4
Calc.,30,1295,4
虚ろを扇ぐ,27,1112,4
Journey,28,1322,4
天ノ弱,29,1131,4
アンハッピーリフレイン,31,1353,4
フォニイ,29,1244,4
ダブルラリアット,27,1115,4
インビジブル,32,1436,4
エゴロック,31,1277,4
Bad ∞ End ∞ Night,29,1018,4
トリノコシティ,27,852,4
こちら、幸福安心委員会です。,28,1096,4
DAYBREAK FRONTLINE,29,1179,4
?MARA(大未来電脳),34,1589,4
DREAM PLACE,28,1172,4
どんな結末がお望みだい？,28,835,4
泥中に咲く,26,761,4
いちにのさんで,26,715,4
帝国少女,28,1178,4
Change me,28,1247,4
ラブカ？,28,878,4
the WALL,30,1019,4
Iなんです,31,1066,4
パラジクロロベンゼン,28,1063,4
星屑ユートピア,29,1308,4
フレー,30,1328,4
あったかいと,29,1376,4
フロート・プランナー,27,832,4
ノンブレス・オブリージュ,30,1203,4
ロンリーユニバース,27,999,4
陽だまりのセツナ,28,1105,4
